rank,price,currency,origin,destination_code,destination_name,country_code,depart,return,stops,booking_link
1,144,USD,TPA,SJU,"San Juan, Puerto Rico",PR,2026-07-23,2026-08-26,0,https://www.aviasales.com/search/TPA2307SJU26081?marker=741311
6,300,USD,JFK,MEX,"Mexico City, Mexico",MX,2026-07-20,2026-08-26,1,https://www.aviasales.com/search/JFK2007MEX26081?marker=741311
13,373,USD,DCA,GUA,"Guatemala City, Guatemala",GT,2026-07-18,2026-08-21,1,https://www.aviasales.com/search/DCA1807GUA21081?marker=741311
53,642,USD,SFO,SEL,"Seoul, South Korea",KR,2026-07-17,2026-08-31,0,https://www.aviasales.com/search/SFO1707SEL31081?marker=741311
66,728,USD,JFK,VNO,"Vilnius, Lithuania",LT,2026-07-19,2026-09-09,1,https://www.aviasales.com/search/JFK1907VNO09091?marker=741311
70,754,USD,IAH,SHJ,"Sharjah, United Arab Emirates",AE,2026-07-20,2026-08-25,1,https://www.aviasales.com/search/IAH2007SHJ25081?marker=741311
75,868,USD,JFK,ROM,"Rome, Italy",IT,2026-07-24,2026-08-07,1,https://www.aviasales.com/search/JFK2407ROM07081?t=IB17849214001784973000000500JFKFCO17861007001786113300000570FCOJFK_8c628902ec6b07f2803bdd315469ee3d_67695&search_date=22072026&expected_price_uuid=019f8c1a-9d4d-8030-aa21-dc9933ae1a0e&static_fare_key=TY%7CP0%7CH1%7CL0%7CCH0%7CR0%7CTBC0&itinerary_key=NLHtqM0JkY9NxxGpLQwdWA&origin_airports=0&destination_airports=1&expected_price_source=share&expected_price_currency=usd&expected_price=868&marker=741311
79,780,USD,JFK,PAR,"Paris, France",FR,2026-07-24,2026-08-24,0,https://www.aviasales.com/search/JFK2407PAR24081?marker=741311
80,784,USD,MSP,HEL,"Helsinki, Finland",FI,2026-07-19,2026-08-22,1,https://www.aviasales.com/search/MSP1907HEL22081?marker=741311
88,827,USD,ATL,IST,"Istanbul, Turkiye",TR,2026-07-23,2026-09-01,1,https://www.aviasales.com/search/ATL2307IST01091?marker=741311
94,844,USD,DFW,PRN,"Pristina, Kosovo",XK,2026-07-21,2026-09-03,2,https://www.aviasales.com/search/DFW2107PRN03091?marker=741311
108,896,USD,SFO,BJS,"Beijing, China",CN,2026-07-17,2026-08-31,1,https://www.aviasales.com/search/SFO1707BJS31081?marker=741311
114,2126,USD,DCA,BUE,"Buenos Aires, Argentina",AR,2026-07-24,2026-08-04,1,https://www.aviasales.com/search/DCA2407BUE04081?t=AA17849193001784969400000775DCAMIAEZE17858754001785926340000909EZEMIADCA_87da49f2c8bcd301cdd6acbfb42f9463_166622&search_date=19072026&expected_price_uuid=019f7cce-6534-8030-26f7-73566bc53937&static_fare_key=TY%7CP0%7CH1%7CL1_1_23%7CCH0%7CR0%7CTBC1&itinerary_key=148F1HUwljTs7cJiePv69A&origin_airports=0&destination_airports=1&expected_price_source=share&expected_price_currency=usd&expected_price=2126&marker=741311
120,947,USD,ATL,NBO,"Nairobi, Kenya",KE,2026-07-19,2026-08-22,1,https://www.aviasales.com/search/ATL1907NBO22081?marker=741311
122,951,USD,IAH,LHE,"Lahore, Pakistan",PK,2026-07-20,2026-08-25,2,https://www.aviasales.com/search/IAH2007LHE25081?marker=741311
127,981,USD,FLL,RTB,"Roatan, Honduras",HN,2026-07-23,2026-09-04,2,https://www.aviasales.com/search/FLL2307RTB04091?marker=741311
136,1226,USD,JFK,RAK,"Marrakech, Morocco",MA,2026-07-24,2026-07-31,1,https://www.aviasales.com/search/JFK2407RAK31071?t=N017849277601785064800001984JFKEDIRAK17854776001785537000001290RAKCIAFCOJFK_d9aa81cd70f3f365116fa7e8679fce67_96247&search_date=22072026&expected_price_uuid=019f8a85-3e5a-8040-257e-ac426b81eb13&static_fare_key=TY%7CP0%7CH0%7CL0%7CCH0%7CR0%7CTBC0&itinerary_key=Wm8vBIixCPZEu2sb6wi2lQ&origin_airports=0&destination_airports=1&expected_price_source=share&expected_price_currency=usd&expected_price=1226&marker=741311
139,1024,USD,JFK,RMO,"Chisinau, Moldova",MD,2026-07-24,2026-08-24,2,https://www.aviasales.com/search/JFK2407RMO24081?marker=741311
161,1142,USD,JFK,HTY,"Antakya, Turkiye",TR,2026-07-21,2026-09-03,3,https://www.aviasales.com/search/JFK2107HTY03091?marker=741311
165,1197,USD,MIA,TBS,"Tbilisi, Georgia",GE,2026-07-22,2026-08-22,3,https://www.aviasales.com/search/MIA2207TBS22081?marker=741311
168,1211,USD,JFK,MOW,"Moscow, Russia",RU,2026-07-22,2026-09-08,3,https://www.aviasales.com/search/JFK2207MOW08091?marker=741311
183,1304,USD,DCA,BGW,"Baghdad, Iraq",IQ,2026-07-18,2026-08-22,2,https://www.aviasales.com/search/DCA1807BGW22081?marker=741311
184,1709,USD,LAX,USM,"Koh Samui, Thailand",TH,2026-07-24,2026-08-03,2,https://www.aviasales.com/search/LAX2407USM03081?t=UA17849373001785094800001785LAXHKGUSM17857902001785873180002223USMBKKHNDSEALAX_4d88234243ba0dd45ccfcae5493b7861_134287&search_date=20072026&expected_price_uuid=019f81e4-cdc2-8030-6c88-9d7f3aef6ef0&static_fare_key=TY%7CP0%7CH0%7CL1_1_20%7CCH0%7CR0%7CTBC1&itinerary_key=lqovv6knEXmWACw0Bw9Fcg&expected_price_source=share&expected_price_currency=usd&expected_price=1709&marker=741311
185,1332,USD,IAH,SAI,"Siem Reap, Cambodia",KH,2026-07-20,2026-09-11,2,https://www.aviasales.com/search/IAH2007SAI11091?marker=741311
188,1339,USD,JFK,NQZ,"Astana, Kazakhstan",KZ,2026-07-20,2026-08-26,2,https://www.aviasales.com/search/JFK2007NQZ26081?marker=741311
190,1357,USD,JFK,SKD,"Samarkand, Uzbekistan",UZ,2026-07-22,2026-09-20,1,https://www.aviasales.com/search/JFK2207SKD20091?marker=741311
196,1377,USD,IAD,LED,"Saint Petersburg, Russia",RU,2026-07-21,2026-09-04,3,https://www.aviasales.com/search/IAD2107LED04091?marker=741311
201,1414,USD,JFK,UFA,"Ufa, Russia",RU,2026-07-19,2026-09-12,3,https://www.aviasales.com/search/JFK1907UFA12091?marker=741311
202,1415,USD,ATL,MBA,"Mombasa, Kenya",KE,2026-07-19,2026-08-22,2,https://www.aviasales.com/search/ATL1907MBA22081?marker=741311
222,1554,USD,JFK,LFW,"Lome, Togo",TG,2026-07-17,2026-08-21,2,https://www.aviasales.com/search/JFK1707LFW21081?marker=741311
227,1580,USD,ORD,SVX,"Yekaterinburg, Russia",RU,2026-07-22,2026-09-20,4,https://www.aviasales.com/search/ORD2207SVX20091?marker=741311
230,1625,USD,DEN,BRM,"Barquisimeto, Venezuela",VE,2026-07-17,2026-08-21,3,https://www.aviasales.com/search/DEN1707BRM21081?marker=741311
231,1633,USD,LAX,MRV,"Mineralnye Vody, Russia",RU,2026-07-19,2026-08-20,3,https://www.aviasales.com/search/LAX1907MRV20081?marker=741311
238,1741,USD,SFO,OVB,"Novosibirsk, Russia",RU,2026-07-18,2026-09-01,2,https://www.aviasales.com/search/SFO1807OVB01091?marker=741311
241,1789,USD,IAD,MUX,"Multan, Pakistan",PK,2026-07-20,2026-08-20,3,https://www.aviasales.com/search/IAD2007MUX20081?marker=741311
244,1803,USD,ORD,BLZ,"Blantyre, Malawi",MW,2026-07-19,2026-08-22,2,https://www.aviasales.com/search/ORD1907BLZ22081?marker=741311
247,1898,USD,SFO,MSQ,"Minsk, Belarus",BY,2026-07-23,2026-08-29,3,https://www.aviasales.com/search/SFO2307MSQ29081?marker=741311
253,2019,USD,SFO,DYU,"Dushanbe, Tajikistan",TJ,2026-07-18,2026-08-27,2,https://www.aviasales.com/search/SFO1807DYU27081?marker=741311
268,3594,USD,SLC,PKC,"Petropavlovsk-Kamchatsky, Russia",RU,2026-07-24,2026-07-30,4,https://www.aviasales.com/search/SLC2407PKC30071?t=UA17849375401785174300002866SLCBOSISTSVOPKC17854434001785538080002658PKCSVOISTATHORDSLC_b12e432f536a44cea56a03cdf013b619_281711&search_date=21072026&expected_price_uuid=019f86f2-0ba8-8030-2c65-aecf15f20ad1&static_fare_key=TY%7CP0%7CH0%7CL0%7CCH0%7CR0%7CTBC0&itinerary_key=OwSgj5uvdAaQFO-upCW7nA&expected_price_source=share&expected_price_currency=usd&expected_price=3594&marker=741311
